Workbook

Sheet Data Cruda
A1: Fecha | B1: Semana | C1: N Vuelo | D1: Litros SAF | E1: Asientos Eco-Corporate | F1: Margen Ruta USD | G1: Minutos APU en Tierra | H1: Minutos de retraso
A2: 46023 | B2: 1 | C2: LA532 | D2: 4880 | E2: 17 | F2: 27668 | G2: 53.5 | H2: 5
A3: 46024 | B3: 1 | C3: LA533 | D3: 4945 | E3: 18 | F3: 29077 | G3: 55 | H3: 8
A4: 46025 | B4: 1 | C4: LA532 | D4: 5010 | E4: 19 | F4: 30486 | G4: 56.5 | H4: 11
A5: 46026 | B5: 1 | C5: LA533 | D5: 4995 | E5: 18 | F5: 29007 | G5: 58 | H5: 14
A6: 46027 | B6: 1 | C6: LA532 | D6: 5060 | E6: 19 | F6: 30416 | G6: 53.5 | H6: 17
A7: 46028 | B7: 1 | C7: LA533 | D7: 4880 | E7: 17 | F7: 27668 | G7: 55 | H7: 20
A8: 46029 | B8: 1 | C8: LA532 | D8: 4945 | E8: 18 | F8: 29077 | G8: 56.5 | H8: 5
A9: 46030 | B9: 2 | C9: LA533 | D9: 4970 | E9: 18 | F9: 29042 | G9: 55 | H9: 8
A10: 46031 | B10: 2 | C10: LA532 | D10: 5035 | E10: 19 | F10: 30451 | G10: 50.5 | H10: 11
A11: 46032 | B11: 2 | C11: LA533 | D11: 5100 | E11: 20 | F11: 31860 | G11: 52 | H11: 14
A12: 46033 | B12: 2 | C12: LA532 | D12: 4960 | E12: 19 | F12: 30556 | G12: 53.5 | H12: 17
A13: 46034 | B13: 2 | C13: LA533 | D13: 5025 | E13: 20 | F13: 31965 | G13: 55 | H13: 20
... A61: 46082 | B61: 9 | C61: LA533 | D61: 4860 | E61: 14 | F61: 23196 | G61: 34 | H61: 20

Sheet Calculos
A1: Semana | B1: Asientos Eco (Suma) | C1: Asientos Eco (Prom) | D1: Margen USD (Suma) | E1: Litros SAF (Suma) | F1: APU min (Prom) | G1: Retraso (Prom)
A2: 1 | B2: =SUMIF('Data Cruda'!$B$2:$B$61,A2,'Data Cruda'!$E$2:$E$61) -> 126 | C2: =AVERAGEIF('Data Cruda'!$B$2:$B$61,A2,'Data Cruda'!$E$2:$E$61) -> 18 | D2: =SUMIF('Data Cruda'!$B$2:$B$61,A2,'Data Cruda'!$F$2:$F$61) -> 203399 | E2: =SUMIF('Data Cruda'!$B$2:$B$61,A2,'Data Cruda'!$D$2:$D$61) -> 34715 | F2: =AVERAGEIF('Data Cruda'!$B$2:$B$61,A2,'Data Cruda'!$G$2:$G$61) -> 55.4 | G2: =AVERAGEIF('Data Cruda'!$B$2:$B$61,A2,'Data Cruda'!$H$2:$H$61) -> 11.4
A3: 2 | B3: =SUMIF('Data Cruda'!$B$2:$B$61,A3,'Data Cruda'!$E$2:$E$61) -> 133 | C3: =AVERAGEIF('Data Cruda'!$B$2:$B$61,A3,'Data Cruda'!$E$2:$E$61) -> 19 | D3: =SUMIF('Data Cruda'!$B$2:$B$61,A3,'Data Cruda'!$F$2:$F$61) -> 213367 | E3: =SUMIF('Data Cruda'!$B$2:$B$61,A3,'Data Cruda'!$D$2:$D$61) -> 35095 | F3: =AVERAGEIF('Data Cruda'!$B$2:$B$61,A3,'Data Cruda'!$G$2:$G$61) -> 52.6 | G3: =AVERAGEIF('Data Cruda'!$B$2:$B$61,A3,'Data Cruda'!$H$2:$H$61) -> 11.9
A4: 3 | B4: =SUMIF('Data Cruda'!$B$2:$B$61,A4,'Data Cruda'!$E$2:$E$61) -> 28 | C4: =AVERAGEIF('Data Cruda'!$B$2:$B$61,A4,'Data Cruda'!$E$2:$E$61) -> 4 | D4: =SUMIF('Data Cruda'!$B$2:$B$61,A4,'Data Cruda'!$F$2:$F$61) -> 61782 | E4: =SUMIF('Data Cruda'!$B$2:$B$61,A4,'Data Cruda'!$D$2:$D$61) -> 30870 | F4: =AVERAGEIF('Data Cruda'!$B$2:$B$61,A4,'Data Cruda'!$G$2:$G$61) -> 50.9 | G4: =AVERAGEIF('Data Cruda'!$B$2:$B$61,A4,'Data Cruda'!$H$2:$H$61) -> 20.3
A5: 4 | B5: =SUMIF('Data Cruda'!$B$2:$B$61,A5,'Data Cruda'!$E$2:$E$61) -> 56 | C5: =AVERAGEIF('Data Cruda'!$B$2:$B$61,A5,'Data Cruda'!$E$2:$E$61) -> 8 | D5: =SUMIF('Data Cruda'!$B$2:$B$61,A5,'Data Cruda'!$F$2:$F$61) -> 102249 | E5: =SUMIF('Data Cruda'!$B$2:$B$61,A5,'Data Cruda'!$D$2:$D$61) -> 31965 | F5: =AVERAGEIF('Data Cruda'!$B$2:$B$61,A5,'Data Cruda'!$G$2:$G$61) -> 47.1 | G5: =AVERAGEIF('Data Cruda'!$B$2:$B$61,A5,'Data Cruda'!$H$2:$H$61) -> 12.7
A6: 5 | B6: =SUMIF('Data Cruda'!$B$2:$B$61,A6,'Data Cruda'!$E$2:$E$61) -> 63 | C6: =AVERAGEIF('Data Cruda'!$B$2:$B$61,A6,'Data Cruda'!$E$2:$E$61) -> 9 | D6: =SUMIF('Data Cruda'!$B$2:$B$61,A6,'Data Cruda'!$F$2:$F$61) -> 112217 | E6: =SUMIF('Data Cruda'!$B$2:$B$61,A6,'Data Cruda'!$D$2:$D$61) -> 32345 | F6: =AVERAGEIF('Data Cruda'!$B$2:$B$61,A6,'Data Cruda'!$G$2:$G$61) -> 43.4 | G6: =AVERAGEIF('Data Cruda'!$B$2:$B$61,A6,'Data Cruda'!$H$2:$H$61) -> 13.1
A7: 6 | B7: =SUMIF('Data Cruda'!$B$2:$B$61,A7,'Data Cruda'!$E$2:$E$61) -> 77 | C7: =AVERAGEIF('Data Cruda'!$B$2:$B$61,A7,'Data Cruda'!$E$2:$E$61) -> 11 | D7: =SUMIF('Data Cruda'!$B$2:$B$61,A7,'Data Cruda'!$F$2:$F$61) -> 132643 | E7: =SUMIF('Data Cruda'!$B$2:$B$61,A7,'Data Cruda'!$D$2:$D$61) -> 32755 | F7: =AVERAGEIF('Data Cruda'!$B$2:$B$61,A7,'Data Cruda'!$G$2:$G$61) -> 40.6 | G7: =AVERAGEIF('Data Cruda'!$B$2:$B$61,A7,'Data Cruda'!$H$2:$H$61) -> 13.6
A8: 7 | B8: =SUMIF('Data Cruda'!$B$2:$B$61,A8,'Data Cruda'!$E$2:$E$61) -> 84 | C8: =AVERAGEIF('Data Cruda'!$B$2:$B$61,A8,'Data Cruda'!$E$2:$E$61) -> 12 | D8: =SUMIF('Data Cruda'!$B$2:$B$61,A8,'Data Cruda'!$F$2:$F$61) -> 142611 | E8: =SUMIF('Data Cruda'!$B$2:$B$61,A8,'Data Cruda'!$D$2:$D$61) -> 33135 | F8: =AVERAGEIF('Data Cruda'!$B$2:$B$61,A8,'Data Cruda'!$G$2:$G$61) -> 37.9 | G8: =AVERAGEIF('Data Cruda'!$B$2:$B$61,A8,'Data Cruda'!$H$2:$H$61) -> 11.4
A9: 8 | B9: =SUMIF('Data Cruda'!$B$2:$B$61,A9,'Data Cruda'!$E$2:$E$61) -> 91 | C9: =AVERAGEIF('Data Cruda'!$B$2:$B$61,A9,'Data Cruda'!$E$2:$E$61) -> 13 | D9: =SUMIF('Data Cruda'!$B$2:$B$61,A9,'Data Cruda'!$F$2:$F$61) -> 152754 | E9: =SUMIF('Data Cruda'!$B$2:$B$61,A9,'Data Cruda'!$D$2:$D$61) -> 33390 | F9: =AVERAGEIF('Data Cruda'!$B$2:$B$61,A9,'Data Cruda'!$G$2:$G$61) -> 35.1 | G9: =AVERAGEIF('Data Cruda'!$B$2:$B$61,A9,'Data Cruda'!$H$2:$H$61) -> 11.9
A10: 9 | B10: =SUMIF('Data Cruda'!$B$2:$B$61,A10,'Data Cruda'!$E$2:$E$61) -> 56 | C10: =AVERAGEIF('Data Cruda'!$B$2:$B$61,A10,'Data Cruda'!$E$2:$E$61) -> 14 | D10: =SUMIF('Data Cruda'!$B$2:$B$61,A10,'Data Cruda'!$F$2:$F$61) -> 92994 | E10: =SUMIF('Data Cruda'!$B$2:$B$61,A10,'Data Cruda'!$D$2:$D$61) -> 19290 | F10: =AVERAGEIF('Data Cruda'!$B$2:$B$61,A10,'Data Cruda'!$G$2:$G$61) -> 31.8 | G10: =AVERAGEIF('Data Cruda'!$B$2:$B$61,A10,'Data Cruda'!$H$2:$H$61) -> 15.5
A13: Datos Gauge APU
A14: APU Promedio | B14: =AVERAGE('Data Cruda'!$G$2:$G$61) -> 44.5
A15: Holgura (Meta 60) | B15: =60-B14 -> 15.5

Sheet Dashboard
A1: LATAM AIRLINES | MISION CIELO VERDE
A2: Ruta Piloto: Santiago (SCL) -> Miami (MIA) | Programa Eco-Corporate Premium
A3: SELECCIONE SEMANA A ANALIZAR: | E3: 3 | H3: Periodo: 60 dias / 9 semanas / vuelo diario
A5: MARGEN TOTAL RUTA (USD) | E5: ADOPCION GREEN % | I5: APU PROM (min) LEAD | L5: VENTA ECO S3 (CRISIS)
A6: =SUM('Data Cruda'!F2:F61) -> 1214016 | E6: =SUM('Data Cruda'!E2:E61)/1200 -> 0.595 | I6: ='Calculos'!B14 -> 44.5 | L6: ='Calculos'!C4 -> 4
A8: SEMAFORO ADOPCION ECO-CORPORATE POR SEMANA (rojo = critico)
A9: Semana | B9: 1 | C9: 2 | D9: 3 | E9: 4 | F9: 5 | G9: 6 | H9: 7 | I9: 8 | J9: 9
A10: Asientos Eco (prom) | B10: ='Calculos'!C2 -> 18 | C10: ='Calculos'!C3 -> 19 | D10: ='Calculos'!C4 -> 4 | E10: ='Calculos'!C5 -> 8 | F10: ='Calculos'!C6 -> 9 | G10: ='Calculos'!C7 -> 11 | H10: ='Calculos'!C8 -> 12 | I10: ='Calculos'!C9 -> 13 | J10: ='Calculos'!C10 -> 14
A12: EVOLUCION DEL MARGEN DE RUTA (60 DIAS) | I12: GAUGE: MINUTOS APU EN TIERRA
A31: ACCION CORRECTIVA AGIL (48H) - Crisis Semana 3:
A32: Reasignar squad comercial: contactar Top 5 multinacionales y ofrecer upgrade Eco-Corporate de prueba + certificado Scope 3 piloto.
